﻿<?xml version="1.0"?>
<doc>
<assembly>
<name>
Aplikasi Pencari Luas Segitiga Sembarang
</name>
</assembly>
<members>
<member name="T:Aplikasi_Pencari_Luas_Segitiga_Sembarang.My.Resources.Resources">
<summary>
  A strongly-typed resource class, for looking up localized strings, etc.
</summary>
</member>
<member name="P:Aplikasi_Pencari_Luas_Segitiga_Sembarang.My.Resources.Resources.ResourceManager">
<summary>
  Returns the cached ResourceManager instance used by this class.
</summary>
</member>
<member name="P:Aplikasi_Pencari_Luas_Segitiga_Sembarang.My.Resources.Resources.Culture">
<summary>
  Overrides the current thread's CurrentUICulture property for all
  resource lookups using this strongly typed resource class.
</summary>
</member>
<member name="P:Aplikasi_Pencari_Luas_Segitiga_Sembarang.My.Resources.Resources.penggunaan_trigonometri_dalam_mencari_luas_segitiga">
<summary>
  Looks up a localized resource of type System.Drawing.Bitmap.
</summary>
</member>
</members>
</doc>
